Random Seed,p_off_off,p_off_on,p_on_off,p_on_on,pi0_on,pi0_off,mu_off,mu_on,noise,logL
963456000,0.6524664575226765,0.34753354247732327,0.04399878558184608,0.9560012144181538,0.9999999999657101,3.428993040290745e-11,2080.622298284329,22090.78202471423,105738.04505191732,-79882.09045946751
